,url
0,https://t.me/supernova_plus/19687
1,https://t.me/breakingmash/43616
2,https://t.me/ZA_FROHT/16561
3,https://t.me/milchronicles/1846
4,https://t.me/operativnoZSU/94378
5,https://t.me/voenacher/43840
6,https://t.me/rusich_army/8634
7,https://t.me/HersonEnot/1168
8,https://t.me/HersonVestnik/16390
9,https://t.me/WarArchive_ua/934
10,https://t.me/supernova_plus/19720
11,https://t.me/escadrone/211
12,https://t.me/btr80/6727
13,https://t.me/OGSHB_109/271
14,https://t.me/sons_fatherland/10456
15,https://t.me/ZA_FROHT/16489
16,https://t.me/vorposte/39244
17,https://t.me/dva_majors/13976
18,https://t.me/escadrone/206
19,https://t.me/BPLAROSTOV/138
20,https://t.me/MishaDonbass/741
21,https://t.me/nm_dnr/10279
22,https://t.me/LPR_JCCC/8221
23,https://t.me/bro571/121
24,https://t.me/rus_bakhmut/18809
25,https://t.me/lost_warinua/34673
26,https://t.me/ukrnastup/76941
27,https://t.me/ukrnastup/76941
28,https://t.me/HersonEnot/1152
29,https://t.me/ok_spn/24191
30,https://t.me/RVvoenkor/43680
31,https://t.me/milinfolive/99841
32,https://t.me/supernova_plus/19603
33,https://t.me/Bakhmut_2022/20234
34,https://t.me/operatyvnii/7023
35,https://t.me/ttambyl/2496
36,https://t.me/umftteam/85
37,https://t.me/milinfolive/99836
38,https://t.me/nm_dnr/10263
39,https://t.me/voin_dv/2542
40,https://t.me/ssternenko/15429
41,https://t.me/btr80/6611
42,https://t.me/nm_dnr/10253
43,https://t.me/zedigital/3062
44,https://t.me/Bakhmut_2022/20102
45,https://t.me/MishaDonbass/718
46,https://t.me/adamtactic/155
47,https://t.me/DeepStateUA/16410
48,https://t.me/sashakots/39479
49,https://t.me/msgazdiev/1198?single
50,https://t.me/milchronicles/1818
51,https://t.me/voenacher/43432
52,https://t.me/voenacher/43433
53,https://t.me/vanek_nikolaev/13813
54,https://t.me/ssternenko/15362
55,https://t.me/epoddubny/15680
56,https://t.me/Ratnik2nd/4339
57,https://t.me/ssternenko/15344
58,https://t.me/rugbygroup/13
59,https://t.me/voin_dv/2506
60,https://t.me/aerobomber/96
61,https://t.me/btr80/6519
62,https://t.me/escadrone/188
63,https://t.me/supernova_plus/19488
64,https://t.me/nm_dnr/10246
65,https://t.me/mysiagin/21048
66,https://t.me/ZA_FROHT/16128
67,https://t.me/mod_russia/25846
68,https://t.me/HersonVestnik/16177
69,https://t.me/RVvoenkor/43282
70,https://t.me/mysiagin/21034
71,https://t.me/ssternenko/15298
72,https://t.me/riafan_everywhere/18044
73,https://t.me/soldiers_truth/8906
74,https://t.me/RtrDonetsk/16897
75,https://t.me/rusich_army/8494
76,https://t.me/rus_bakhmut/18536
77,https://t.me/bro571/118
78,https://t.me/donbass24_7/10310
79,https://t.me/epoddubny/15648
80,https://t.me/nm_dnr/10238
81,https://t.me/petrenko_IHS/1478
82,https://t.me/operativnoZSU/92280
83,https://t.me/Separ13_13/10928
84,https://t.me/k_2_54/95
85,https://t.me/operativnoZSU/92276
86,https://t.me/voin_dv/2474
87,https://t.me/ZA_FROHT/16066
88,https://t.me/btr80/6425
89,https://t.me/DeepStateUA/16368
90,https://t.me/BUAR110ombr/45
91,https://t.me/ZA_FROHT/16027
92,https://t.me/boris_rozhin/83344
93,https://t.me/andriyshTime/8763
94,https://t.me/HersonEnot/1098
95,https://t.me/supernova_plus/19391
96,https://t.me/FastFocus/47632
97,https://t.me/britishintelligence/7742
98,https://t.me/rian_ru/200117
99,https://t.me/faceofwar/29775
100,https://t.me/DeepStateUA/16342
101,https://t.me/izvestia/128629
102,https://t.me/razved_dozor/4070
103,https://t.me/pgo_gov_ua/11339
104,https://t.me/Bakhmut_2022/19643
105,https://t.me/aerobomber/91
106,https://t.me/karymat/2092
107,https://t.me/operativnoZSU/91637
108,https://t.me/OstashkoNews/65717
109,https://t.me/DeepStateUA/16322
110,https://t.me/DeepStateUA/16299
111,https://t.me/DeepStateUA/16299
112,https://t.me/Airborne1126/4217
113,https://t.me/RVvoenkor/42863
114,https://t.me/magomedov_mus/1975
115,https://t.me/umftteam/84
116,https://t.me/combat_cypress/711
117,https://t.me/nm_dnr/10210
118,https://t.me/lost_warinua/33707
119,https://t.me/soldiers_truth/8809
120,https://t.me/stranaua/100454
121,https://t.me/supernova_plus/19292
122,https://t.me/vladlentatarsky/20435
123,https://t.me/HersonVestnik/15986
124,https://t.me/astrahandm/8103
125,https://t.me/gimbatov34/1291
126,https://t.me/donbassrussiazvo/3599
127,https://t.me/voin_dv/2413
128,https://t.me/nm_dnr/10198
129,https://t.me/donbass24_7/9912
130,https://t.me/komdiv_76/847
131,https://t.me/RVvoenkor/42736
132,https://t.me/DeepStateUA/16292
133,https://t.me/vorposte/38495
134,https://t.me/RVvoenkor/42720
135,https://t.me/supernova_plus/19285
136,https://t.me/msgazdiev/1188
137,https://t.me/ChDambiev/23202
138,https://t.me/ZA_FROHT/15741
139,https://t.me/prizrak14btro/103
140,https://t.me/kaspiyskyberet/5814
141,https://t.me/supernova_plus/19262
142,https://t.me/Bakhmut_2022/19369
143,https://t.me/escadrone/164
144,https://t.me/brussinf/5862
145,https://t.me/wargonzo/11912
146,https://t.me/LPR_JCCC/8182
147,https://t.me/btr80/6243
148,https://t.me/Donbas_Operativniy/34786
149,https://t.me/yaremshooter/1248
150,https://t.me/ZA_FROHT/15633
151,https://t.me/omega_company3/2374
152,https://t.me/rus_bakhmut/18065
153,https://t.me/anna_news/48597
154,https://t.me/vrogov/8661
155,https://t.me/horevica/10858
156,https://t.me/ZA_FROHT/15593
157,https://t.me/operativnoZSU/90345
158,https://t.me/epoddubny/15471
159,https://t.me/komdiv_76/814
160,https://t.me/nm_dnr/10176
161,https://t.me/supernova_plus/19186
162,https://t.me/Bakhmut_2022/19153
163,https://t.me/donbass24_7/9754
164,https://t.me/zov_snb/13313
165,https://t.me/operativsvo/41919
166,https://t.me/operativnoZSU/90056
167,https://t.me/bro571/99
168,https://t.me/Shizik93/1631
169,https://t.me/anna_news/48520
170,https://t.me/supernova_plus/19169
171,https://t.me/mariupolnow/27751
172,https://t.me/rusich_army/8332
173,https://t.me/anna_news/48510
174,https://t.me/voin_dv/2352
175,https://t.me/razved_dozor/4006
176,https://t.me/landforcesofukraine/8113
177,https://t.me/DeepStateUA/16232
178,https://t.me/Bakhmut_2022/19008
179,https://t.me/epoddubny/15433
180,https://t.me/voin_dv/2336
181,https://t.me/esttakaiaprofessia/819
182,https://t.me/mariupolnow/27729
183,https://t.me/DeepStateUA/16231
184,https://t.me/RKadyrov_95/3514
185,https://t.me/escadrone/156
186,https://t.me/voenacher/42578
187,https://t.me/supernova_plus/19143
188,https://t.me/rus_bakhmut/17950
189,https://t.me/vorposte/38195
190,https://t.me/KIMMARINA/1497
191,https://t.me/wargonzo/11826
192,https://t.me/HersonEnot/1053
193,https://t.me/lost_warinua/33132
194,https://t.me/rus_bakhmut/17904
195,https://t.me/russvolcorps/460
196,https://t.me/btr80/6092
197,https://t.me/escadrone/154
198,https://t.me/ZA_FROHT/15445
199,https://t.me/Ukr_G_M/17330
200,https://t.me/Ukr_G_M/17326
201,https://t.me/dru_news/19043
202,https://t.me/mod_russia/25387
203,https://t.me/nm_dnr/10131
204,https://t.me/razved_dozor/3982
205,https://t.me/RVvoenkor/42058
206,https://t.me/voin_dv/2297
207,https://t.me/mod_russia/25330
208,https://t.me/aerobomber/82
209,https://t.me/vorposte/38002
210,https://t.me/rian_ru/198674
211,https://t.me/rus_bakhmut/17728
212,https://t.me/ChDambiev/23036
213,https://t.me/DPSUkr/10357
214,https://t.me/brussinf/5819
215,https://t.me/Bakhmut_2022/18651
216,https://t.me/mysiagin/20375
217,https://t.me/ZA_FROHT/15233
218,https://t.me/ZA_FROHT/15190
219,https://t.me/HelpTheBrave/252
220,https://t.me/rian_ru/198621
221,https://t.me/btr80/5940
222,https://t.me/mvdlnr_official/2643
223,https://t.me/nm_dnr/10105
224,https://t.me/sashakots/39107
225,https://t.me/operativnoZSU/87944
226,https://t.me/riamelitopol/86801
227,https://t.me/supernova_plus/18851
228,https://t.me/nm_dnr/10102
229,https://t.me/operativnoZSU/87848
230,https://t.me/DeepStateUA/16115
231,https://t.me/RVvoenkor/41560
232,https://t.me/rus_bakhmut/17357
233,https://t.me/horevica/10566
234,https://t.me/nm_dnr/10067
235,https://t.me/DeepStateUA/16105
236,https://t.me/aerobomber/77
237,https://t.me/DIUkraine/2132
238,https://t.me/supernova_plus/18794
239,https://t.me/zhdanovrt/1311
240,https://t.me/vladlentatarsky/20244
241,https://t.me/kulemzin_donetsk/14962
242,https://t.me/rabotaem_ydalenno/95
243,https://t.me/nm_dnr/10070
244,https://t.me/brussinf/5796
245,https://t.me/voin_dv/2227
246,https://t.me/donbass24_7/9009
247,https://t.me/operativnoZSU/87114
248,https://t.me/rian_ru/198008
249,https://t.me/obtf_kaskad/2052
250,https://t.me/kherson_non_fake/6319
251,https://t.me/OlhaZaitsevaElefond/406
252,https://t.me/donbass24_7/8983
253,https://t.me/avantguardia/1655
254,https://t.me/supernova_plus/18773
255,https://t.me/lost_warinua/32284
256,https://t.me/operativnoZSU/87274
257,https://t.me/operativnoZSU/87265
258,https://t.me/lost_warinua/32275
259,https://t.me/nm_dnr/10065
260,https://t.me/supernova_plus/18767
261,https://t.me/ua_marines_36brigade/119
262,https://t.me/razved_dozor/3948
263,https://t.me/BUAR110ombr/23
264,https://t.me/supernova_plus/18762
265,https://t.me/bbbreaking/151439
266,https://t.me/supernova_plus/18733
267,https://t.me/MishaDonbass/573
268,https://t.me/tankistrossii100/1142
269,https://t.me/svatoveUA/103735
270,https://t.me/razved_dozor/3942
271,https://t.me/rybar/45031
272,https://t.me/milinfolive/98454
273,https://t.me/mod_russia/25066
274,https://t.me/k_2_54/71
275,https://t.me/ssternenko/14496
276,https://t.me/operativnoZSU/86753
277,https://t.me/kiber_boroshno/929
278,https://t.me/russian_airborne/266
279,https://t.me/rus_bakhmut/16967
280,https://t.me/RVvoenkor/41213
281,https://t.me/lost_warinua/32027
282,https://t.me/vorposte/37473
283,https://t.me/Bakhmut_2022/17988
284,https://t.me/supernova_plus/18636
285,https://t.me/robert_magyar/448
286,https://t.me/robert_magyar/448
287,https://t.me/ilovekramatorsk/8889
288,https://t.me/WarArchive_ua/504
289,https://t.me/btr80/5696
290,https://t.me/obtf_kaskad/2010
291,https://t.me/DeepStateUA/16028
292,https://t.me/ttambyl/2313
293,https://t.me/supernova_plus/18649
294,https://t.me/FastFocus/45687
295,https://t.me/DeepStateUA/16035
296,https://t.me/sashakots/38953
297,https://t.me/razved_dozor/3922
298,https://t.me/DKulko/256
299,https://t.me/horevica/10352
300,https://t.me/DPSUkr/10157
301,https://t.me/prizrak14btro/78
302,https://t.me/karymat/1862
303,https://t.me/britishintelligence/7480
304,https://t.me/supernova_plus/18525
305,https://t.me/supernova_plus/18518
306,https://t.me/obtf_kaskad/1989
307,https://t.me/mod_russia/24920
308,https://t.me/BUAR110ombr/17
309,https://t.me/supernova_plus/18495
310,https://t.me/ilovekramatorsk/8803
311,https://t.me/mysiagin/19932
312,https://t.me/DeepStateUA/15981
313,https://t.me/supernova_plus/18413
314,https://t.me/voin_dv/2094
315,https://t.me/faceofwar/28726
316,https://t.me/razvedosaa/4547
317,https://t.me/lost_warinua/31209
318,https://t.me/lost_warinua/31181
319,https://t.me/pytinhyuloooo/43585
320,https://t.me/voenacher/41201
321,https://t.me/Tsaplienko/28064
322,https://t.me/anna_news/47545
323,https://t.me/DeepStateUA/15958
324,https://t.me/DeepStateUA/15958
325,https://t.me/DeepStateUA/15957
326,https://t.me/kharkivlife/58209
327,https://t.me/The3rdForceUA/15567
328,https://t.me/lost_warinua/31087
329,https://t.me/razgruzka_vagnera/34
330,https://t.me/RVvoenkor/40499
331,https://t.me/atesh_ua/537
332,https://t.me/btr80/5488
333,https://t.me/The_Wrong_Side/7908
334,https://t.me/hueviyherson/36319
335,https://t.me/contrudarZV/1593
336,https://t.me/DeepStateUA/15933
337,https://t.me/DeepStateUA/15935
338,https://t.me/DeepStateUA/15932
339,https://t.me/BattleSailor_13/5259
340,https://t.me/DeepStateUA/15929
341,https://t.me/voenkorKotenok/46023
342,https://t.me/warhistoryalconafter/90910
343,https://t.me/proofs_dnepr/23056
344,https://t.me/mykolaivskaODA/4507
345,https://t.me/vorposte/36923
346,https://t.me/btr80/5449
347,https://t.me/voin_dv/2049
348,https://t.me/tribun_ua/42098
349,https://t.me/donbass24_7/8181
350,https://t.me/ombr_28/424
351,https://t.me/supernova_plus/18197
352,https://t.me/anna_news/47406
353,https://t.me/ZA_FROHT/14223
354,https://t.me/rus_bakhmut/16417
355,https://t.me/supernova_plus/18208
356,https://t.me/prizrak14btro/68
357,https://t.me/prizrak14btro/68
358,https://t.me/ogshb8/78
359,https://t.me/mysiagin/19690
360,https://t.me/voin_dv/2023
361,https://t.me/boris_rozhin/80052
362,https://t.me/zhdanovrt/1294
363,https://t.me/ssternenko/13990
364,https://t.me/gnilayacherexa/5488
365,https://t.me/razgruzka_vagnera/31
366,https://t.me/eto_zp/34119
367,https://t.me/pryamiy/60883
368,https://t.me/RVvoenkor/40008
369,https://t.me/ChDambiev/22619
370,https://t.me/btr80/5350
371,https://t.me/RVvoenkor/39942
372,https://t.me/operativnoZSU/82916
373,https://t.me/obtf_kaskad/1853
374,https://t.me/voinabogovz/392
375,https://t.me/RVvoenkor/39927
376,https://t.me/rf200_nooow/16018
377,https://t.me/nm_dnr/9974
378,https://t.me/RVvoenkor/39920
379,https://t.me/razgruzka_vagnera/26
380,https://t.me/btr80/5318
381,https://t.me/operativnoZSU/82776
382,https://t.me/OGHB_108/99
383,https://t.me/britishintelligence/7322
384,https://t.me/lost_warinua/30261
385,https://t.me/lost_warinua/30255
386,https://t.me/nm_dnr/9967
387,https://t.me/ilovekramatorsk/8395
388,https://t.me/warhistoryalconafter/89640
389,https://t.me/rusmirBars13/390
390,https://t.me/voin_dv/1970
391,https://t.me/ywksKpyuwOJhODQ8/100312
392,https://t.me/rus_bakhmut/16228
393,https://t.me/rus_bakhmut/16226
394,https://t.me/tankistrossii100/940
395,https://t.me/milinfolive/97673
396,https://t.me/zhdanovrt/1290
397,https://t.me/kherson_non_fake/5996
398,https://t.me/RVvoenkor/39727
399,https://t.me/obtf_kaskad/1837
400,https://t.me/z4lpr/470
401,https://t.me/IntelRepublic/15542
402,https://t.me/btr80/5236
403,https://t.me/dontstopwar/8263
404,https://t.me/hercon_ru/6298
405,https://t.me/prizrak14btro/64
406,https://t.me/rus_bakhmut/16158
407,https://t.me/rus_bakhmut/16156
408,https://t.me/operativnoZSU/82002
409,https://t.me/horevica/9987
410,https://t.me/voin_dv/1937
411,https://t.me/milinfolive/97541
412,https://t.me/voenacher/40460
413,https://t.me/DeepStateUA/15783
414,https://t.me/anna_news/46995
415,https://t.me/nm_dnr/9959
416,https://t.me/vorposte/36244
417,https://t.me/nm_dnr/9959
418,https://t.me/milinfolive/97499
419,https://t.me/DeepStateUA/15775
420,https://t.me/DeepStateUA/15774
421,https://t.me/itsdonetsk/60186
422,https://t.me/ZA_FROHT/13805
423,https://t.me/RVvoenkor/39379?single
424,https://t.me/RVvoenkor/39379
425,https://t.me/yaremshooter/1067
426,https://t.me/voin_dv/1907
427,https://t.me/voin_dv/1907
428,https://t.me/lost_warinua/29795
429,https://t.me/voenkorKotenok/45718
430,https://t.me/DeepStateUA/15772
431,https://t.me/riafan_everywhere/17052
432,https://t.me/riafan_everywhere/17052
433,https://t.me/zvezdanews/110818
434,https://t.me/voin_dv/1900
435,https://t.me/supernova_plus/17910
436,https://t.me/cheka_notes/976
437,https://t.me/omega_force/1792
438,https://t.me/omega_force/1792
439,https://t.me/supernova_plus/17896
440,https://t.me/infantmilitario/93321
441,https://t.me/supernova_plus/17887
442,https://t.me/voenacher/40287
443,https://t.me/rian_ru/195393
444,https://t.me/anna_news/46838
445,https://t.me/voenacher/40286
446,https://t.me/nm_dnr/9950
447,https://t.me/anna_news/46838
448,https://t.me/lost_warinua/29562
449,https://t.me/milinfolive/97381
450,https://t.me/supernova_plus/17858
451,https://t.me/lost_warinua/29589?single
452,https://t.me/vorposte/36006
453,https://t.me/rian_ru/195342
454,https://t.me/ssternenko/13641
455,https://t.me/rusich_army/7872
456,https://t.me/LPR_JCCC/8066
457,https://t.me/hueviyherson/35380
458,https://t.me/romabroma/561
459,https://t.me/btr80/5081
460,https://t.me/boris_rozhin/78897
461,https://t.me/ZA_FROHT/13601
462,https://t.me/RVvoenkor/38979
463,https://t.me/donbass24_7/7470
464,https://t.me/lost_warinua/29344
465,https://t.me/lost_warinua/29342
466,https://t.me/razved_dozor/3799
467,https://t.me/voin_dv/1788
468,https://t.me/rus_bakhmut/15796
469,https://t.me/obtf_kaskad/1736
470,https://t.me/obtf_kaskad/1736
471,https://t.me/rvvoenkoryv/11793
472,https://t.me/south_fort/1229
473,https://t.me/btr80/5047?single
474,https://t.me/Donbas_Operativniy/28188
475,https://t.me/voin_dv/1775
476,https://t.me/kherson_non_fake/5807
477,https://t.me/kherson_non_fake/5799
478,https://t.me/romabroma/558
479,https://t.me/mysiagin/19346
480,https://t.me/FastFocus/43581
481,https://t.me/yaremshooter/1005
482,https://t.me/DeepStateUA/15659
483,https://t.me/DeepStateUA/15655
484,https://t.me/pyospzdc/920
485,https://t.me/DeepStateUA/15653
486,https://t.me/voenacher/39838
487,https://t.me/voenacher/39838
488,https://t.me/voenacher/39838
489,https://t.me/voenacher/39838
490,https://t.me/voenacher/39838
491,https://t.me/voenacher/39838
492,https://t.me/DKulko/233
493,https://t.me/bakhmut_obstanovka/2220
494,https://t.me/mysiagin/19263
495,https://t.me/ssternenko/13461
496,https://t.me/DeepStateUA/15646
497,https://t.me/supernova_plus/17649
498,https://t.me/vorposte/35485
499,https://t.me/milinfolive/97118
500,https://t.me/vorposte/35485
501,https://t.me/OGSHB_109/168
502,https://t.me/evgeniy_lisitsyn/2301
503,https://t.me/ogshb8/54
504,https://t.me/DeepStateUA/15635
505,https://t.me/milinfolive/97067
506,https://t.me/lost_warinua/28944
507,https://t.me/brussinf/5660
508,https://t.me/obtf_kaskad/1694
509,https://t.me/bakhmut_obstanovka/2160
510,https://t.me/MishaDonbass/447
511,https://t.me/lost_warinua/28738
512,https://t.me/zhdanovrt/1280
513,https://t.me/shershen_ua/59
514,https://t.me/zachistka_ua/3465
515,https://t.me/suspilnekherson/22683
516,https://t.me/FTD666/1148
517,https://t.me/hueviyherson/34808
518,https://t.me/hueviyherson/34808
519,https://t.me/epoddubny/14916
520,https://t.me/DeepStateUA/15605
521,https://t.me/DeepStateUA/15609
522,https://t.me/DeepStateUA/15608
523,https://t.me/lost_warinua/28702
524,https://t.me/DeepStateUA/15607
525,https://t.me/vorposte/35261
526,https://t.me/vorposte/35259
527,https://t.me/ogshb8/48
528,https://t.me/lost_warinua/28661?single
529,https://t.me/lost_warinua/28667
530,https://t.me/ilovekramatorsk/7944
531,https://t.me/DeepStateUA/15590
532,https://t.me/rt_russian/146490
533,https://t.me/lost_warinua/28634
534,https://t.me/obtf_kaskad/1660
535,https://t.me/izvestia/121395
536,https://t.me/yaremshooter/958
537,https://t.me/selidovokyraxovo/13536
538,https://t.me/edelweiss10tg/210
539,https://t.me/dva_majors/9089
540,https://t.me/zov_snb/10467
541,https://t.me/voin_dv/1668
542,https://t.me/romanov_92/34765
543,https://t.me/vorposte/35105
544,https://t.me/stugna_tro/100
545,https://t.me/notes_veterans/7960
546,https://t.me/swodki/226330
547,https://t.me/robert_magyar/402
548,https://t.me/mysiagin/19053
549,https://t.me/DeepStateUA/15559
550,https://t.me/milinfolive/96873
551,https://t.me/milinfolive/96865
552,https://t.me/supernova_plus/17431
553,https://t.me/RVvoenkor/38072
554,https://t.me/OGSHB_109/152
555,https://t.me/milinfolive/96853
556,https://t.me/milinfolive/96848
557,https://t.me/DeepStateUA/15552
558,https://t.me/tankist4/801
559,https://t.me/bakhmut_obstanovka/2086
560,https://t.me/milinfolive/96818
561,https://t.me/rus_bakhmut/15218
562,https://t.me/robert_magyar/397
563,https://t.me/AkhmatsilaVZ/1428
564,https://t.me/anna_news/46226
565,https://t.me/DeepStateUA/15505
566,https://t.me/supernova_plus/17316
567,https://t.me/robert_magyar/395
568,https://t.me/MishaDonbass/429
569,https://t.me/wargonzo/10784
570,https://t.me/kulemzin_donetsk/13449
571,https://t.me/izvestia/120915
572,https://t.me/milinfolive/96717
573,https://t.me/adamtactic/73
574,https://t.me/rusichtank/94
575,https://t.me/rusichtank/94
576,https://t.me/DPSUkr/9443
577,https://t.me/robert_magyar/392
578,https://t.me/privet_iz_doma152/2575
579,https://t.me/obtf_kaskad/1578
580,https://t.me/robert_magyar/392
581,https://t.me/dva_majors/8782
582,https://t.me/lost_warinua/28077
583,https://t.me/obstanovkalnr/34396
584,https://t.me/lost_warinua/28081
585,https://t.me/generalmarsel/1067
586,https://t.me/lost_warinua/27990
587,https://t.me/lost_warinua/27993
588,https://t.me/Sargon_Hadaya/255
589,https://t.me/DeepStateUA/15447
590,https://t.me/DeepStateUA/15451
591,https://t.me/DeepStateUA/15450
592,https://t.me/kherson_non_fake/5584
593,https://t.me/rusich_army/7550
594,https://t.me/hueviyherson/34292
595,https://t.me/OGSHB_109/147
596,https://t.me/selidovokyraxovo/13009
597,https://t.me/ilovekramatorsk/7693
598,https://t.me/milinfolive/96548
599,https://t.me/DeepStateUA/15436
600,https://t.me/bletgorod/4818
601,https://t.me/milinfolive/96526
602,https://t.me/swodki/223258
603,https://t.me/itsdonetsk/55504
604,https://t.me/robert_magyar/388
605,https://t.me/voin_dv/1561
606,https://t.me/LPR_JCCC/8034
607,https://t.me/WarInMyEyes/2420
608,https://t.me/razved_dozor/3617
609,https://t.me/BaluHUB/275
610,https://t.me/nm_dnr/9804
611,https://t.me/vysokygovorit/10670
612,https://t.me/ilovekramatorsk/7551
613,https://t.me/milinfolive/96345
614,https://t.me/OGHB_108/67
615,https://t.me/razved_dozor/3568
616,https://t.me/supernova_plus/17108
617,https://t.me/DeepStateUA/15383
618,https://t.me/DeepStateUA/15383
619,https://t.me/DeepStateUA/15380
620,https://t.me/DeepStateUA/15379
621,https://t.me/razved_dozor/3547
622,https://t.me/boris_rozhin/76804
623,https://t.me/generalmarsel/925
624,https://t.me/ministry_of_defense_ua/5222
625,https://t.me/tankist4/758
626,https://t.me/voin_dv/1513
627,https://t.me/sashakots/38301
628,https://t.me/OGSHB_109/122
629,https://t.me/razved_dozor/3524
630,https://t.me/obtf_kaskad/1491
631,https://t.me/robert_magyar/382
632,https://t.me/izvestia/119803
633,https://t.me/rusichtank/83
634,https://t.me/hueviyherson/33868
635,https://t.me/brussinf/5608
636,https://t.me/rian_ru/192509
637,https://t.me/dontstopwar/7904
638,https://t.me/ivan_dvorichna/1022
639,https://t.me/nm_dnr/9789
640,https://t.me/supernova_plus/17035
641,https://t.me/voin_dv/1485
642,https://t.me/kremlinprachka/23030
643,https://t.me/supernova_plus/17030
644,https://t.me/supernova_plus/17029
645,https://t.me/supernova_plus/17027
646,https://t.me/boris_rozhin/76559
647,https://t.me/ukr_sof/424
648,https://t.me/DeepStateUA/15316
649,https://t.me/a_shtirlitz/24032
650,https://t.me/warhistoryalconafter/82923
651,https://t.me/epoddubny/14669
652,https://t.me/ngu_war_for_peace/8398
653,https://t.me/hueviyherson/33582
654,https://t.me/voin_dv/1456
655,https://t.me/robert_magyar/374
656,https://t.me/DeepStateUA/15310
657,https://t.me/vrogov/7307
658,https://t.me/The_Wrong_Side/7060
659,https://t.me/yaremshooter/855
660,https://t.me/robert_magyar/374
661,https://t.me/DIUkraine/1908
662,https://t.me/RtrDonetsk/14224
663,https://t.me/DeepStateUA/15289
664,https://t.me/DeepStateUA/15288
665,https://t.me/DeepStateUA/15292
666,https://t.me/zvezdanews/106839
667,https://t.me/hueviyherson/33457
668,https://t.me/rusich_army/7380
669,https://t.me/millnr/10036
670,https://t.me/razved_dozor/3434
671,https://t.me/RVvoenkor/36600
672,https://t.me/robert_magyar/372
673,https://t.me/supernova_plus/16835
674,https://t.me/nm_dnr/9772
675,https://t.me/wargonzo/10469
676,https://t.me/anna_news/45615
677,https://t.me/DeepStateUA/15261
678,https://t.me/rabotaem_ydalenno/73
679,https://t.me/rezhimbe/1922
680,https://t.me/ZA_FROHT/12207
681,https://t.me/rt_russian/143803
682,https://t.me/rt_russian/143803
683,https://t.me/supernova_plus/16795
684,https://t.me/mod_russia_en/5869
685,https://t.me/msgazdiev/1136
686,https://t.me/orchestra_w/4518
687,https://t.me/milinfolive/95778
688,https://t.me/supernova_plus/16737
689,https://t.me/GeneralStaffZSU/6570
690,https://t.me/DeepStateUA/15239
691,https://t.me/DeepStateUA/15240
692,https://t.me/nm_dnr/9748
693,https://t.me/ZA_FROHT/12045
694,https://t.me/robert_magyar/350
695,https://t.me/kherson_non_fake/5267
696,https://t.me/brussinf/5553
697,https://t.me/hueviyherson/33017?single
698,https://t.me/pavlokyrylenko_donoda/6297
699,https://t.me/suspilnekherson/21453
700,https://t.me/izvestia/118461
701,https://t.me/supernova_plus/16587
702,https://t.me/horevica/8907
703,https://t.me/voenkorKotenok/44438
704,https://t.me/orchestra_w/4351
705,https://t.me/worldsconflict/30815
706,https://t.me/supernova_plus/16551
707,https://t.me/ChDambiev/21652
708,https://t.me/rt_russian/142840
709,https://t.me/voenacher/37580
710,https://t.me/warhistoryalconafter/80011
711,https://t.me/obtf_kaskad/1299
712,https://t.me/The_Wrong_Side/6701
713,https://t.me/milinfolive/95358
714,https://t.me/generalmarsel/538
715,https://t.me/ZA_FROHT/11694
716,https://t.me/ssternenko/12392
717,https://t.me/ilovekramatorsk/7075
718,https://t.me/DeepStateUA/15159
719,https://t.me/DeepStateUA/15161
720,https://t.me/vorposte/33304
721,https://t.me/DeepStateUA/15158
722,https://t.me/voenacher/37472
723,https://t.me/brussinf/5521
724,https://t.me/ChDambiev/21581
725,https://t.me/lost_warinua/26460?single
726,https://t.me/dontstopwar/7679
727,https://t.me/opersvodki/12364
728,https://t.me/donbass24donbus/11692
729,https://t.me/supernova_plus/16445
730,https://t.me/ChDambiev/21564
731,https://t.me/milinfolive/95280
732,https://t.me/bahmuttut/245443
733,https://t.me/obtf_kaskad/1269
734,https://t.me/robert_magyar/313
735,https://t.me/nm_dnr/9708
736,https://t.me/faceofwar/25363
737,https://t.me/supernova_plus/14735
738,https://t.me/wargonzo/9318
739,https://t.me/DeepStateUA/14701
740,https://t.me/DeepStateUA/14680
741,https://t.me/i_see_you_8/192
742,https://t.me/obstanovkalnr/30058
743,https://t.me/lost_warinua/21295
744,https://t.me/vorposte/30787
745,https://t.me/rybar/41246
746,https://t.me/rybar/41245
747,https://t.me/rybar/41241
748,https://t.me/razved_dozor/2914
749,https://t.me/vorposte/30765
750,https://t.me/milinfolive/93407
751,https://t.me/anna_news/42922
752,https://t.me/newsalch/5530
753,https://t.me/LPR_JCCC/7601
754,https://t.me/milchronicles/1307
755,https://t.me/razved_dozor/2903
756,https://t.me/DenZkul/1285
757,https://t.me/milinfolive/93302
758,https://t.me/milinfolive/93388
759,https://t.me/DKulko/96
760,https://t.me/milinfolive/93373
761,https://t.me/milinfolive/93335
762,https://t.me/m0sc0wcalling/14574
763,https://t.me/lost_warinua/20843
764,https://t.me/lost_warinua/20771
765,https://t.me/yaremshooter/246
766,https://t.me/nm_dnr/9704
767,https://t.me/rian_ru/190713
768,https://t.me/ZA_FROHT/11587
769,https://t.me/RVvoenkor/35491
770,https://t.me/ZA_FROHT/11579
771,https://t.me/ilovekramatorsk/6978
772,https://t.me/ZA_FROHT/11579
773,https://t.me/milinfolive/95238
774,https://t.me/supernova_plus/16386
775,https://t.me/DeepStateUA/15114
776,https://t.me/anna_news/44980
777,https://t.me/milinfolive/95218
778,https://t.me/anna_news/44978
779,https://t.me/supernova_plus/16362
780,https://t.me/ChDambiev/21519
781,https://t.me/robert_magyar/312
782,https://t.me/rus_bakhmut/13504
783,https://t.me/supernova_plus/16338
784,https://t.me/DeepStateUA/15104
785,https://t.me/ButusovPlus/1984
786,https://t.me/HersonVestnik/12685
787,https://t.me/robert_magyar/305
788,https://t.me/warhistoryalconafter/78684
789,https://t.me/info_zp/25411
790,https://t.me/supernova_plus/16258
791,https://t.me/orchestra_w/4144
792,https://t.me/milinfolive/95096
793,https://t.me/ombr_28/218
794,https://t.me/info_zp/25403
795,https://t.me/dontstopwar/7568
796,https://t.me/wargonzo/10141
797,https://t.me/supernova_plus/16126
798,https://t.me/supernova_plus/16136
799,https://t.me/HersonVestnik/12592
800,https://t.me/WarInMyEyes/2196
801,https://t.me/supernova_plus/16078
802,https://t.me/vysokygovorit/10406
803,https://t.me/supernova_plus/16062
804,https://t.me/romanov_92/33374
805,https://t.me/obtf_kaskad/1143
806,https://t.me/gnilayacherexa/3647
807,https://t.me/lost_warinua/25067
808,https://t.me/DKulko/173
809,https://t.me/jurnko/5575
810,https://t.me/riafan_everywhere/15609
811,https://t.me/wargonzo/10055
812,https://t.me/orchestra_w/4015
813,https://t.me/ZA_FROHT/11070
814,https://t.me/supernova_plus/15986
815,https://t.me/swodki/208026
816,https://t.me/sashakots/37842
817,https://t.me/supernova_plus/15978
818,https://t.me/militarydonetsk/61304
819,https://t.me/c/1733853004/4194
820,https://t.me/millnr/9940
821,https://t.me/HersonVestnik/12427
822,https://t.me/nm_dnr/9657
823,https://t.me/censor_net/22119
824,https://t.me/vysokygovorit/10379
825,https://t.me/vysokygovorit/10379
826,https://t.me/Tauride_Republic/4231
827,https://t.me/Tauride_Republic/4231
828,https://t.me/Donbas_Operativniy/20636
829,https://t.me/ogshb8/17
830,https://t.me/killpukin/12668
831,https://t.me/RSaponkov/4226
832,https://t.me/RSaponkov/4226
833,https://t.me/RSaponkov/4226
834,https://t.me/supernova_plus/15905
835,https://t.me/DenZkul/1415
836,https://t.me/rus_bakhmut/13003
837,https://t.me/tankist4/582
838,https://t.me/milinfolive/94711
839,https://t.me/rus_bakhmut/13009
840,https://t.me/supernova_plus/15867
841,https://t.me/supernova_plus/15865
842,https://t.me/milinfolive/94684
843,https://t.me/ZA_FROHT/10872
844,https://t.me/voin_dv/1010
845,https://t.me/c/1733853004/4140
846,https://t.me/millnr/9916
847,https://t.me/HersonVestnik/12285
848,https://t.me/RtrDonetsk/13396
849,https://t.me/ZA_FROHT/10852
850,https://t.me/milinfolive/94680
851,https://t.me/RVvoenkor/34342
852,https://t.me/voenacher/36239
853,https://t.me/ZA_FROHT/10759
854,https://t.me/sashakots/37741
855,https://t.me/supernova_plus/15768
856,https://t.me/rus_bakhmut/12873
857,https://t.me/rian_ru/189141
858,https://t.me/rybar/42134
859,https://t.me/faceofwar/26191
860,https://t.me/voenacher/36077
861,https://t.me/RVvoenkor/34141
862,https://t.me/anna_news/44243
863,https://t.me/supernova_plus/15716
864,https://t.me/ButusovPlus/1893
865,https://t.me/rus_bakhmut/12769
866,https://t.me/anna_news/44218
867,https://t.me/milinfolive/94511
868,https://t.me/u_now/79299
869,https://t.me/c/1733853004/4076
870,https://t.me/supernova_plus/15695
871,https://t.me/rus_bakhmut/12748
872,https://t.me/ZA_FROHT/10578
873,https://t.me/vorposte/32269
874,https://t.me/orchestra_w/3821
875,https://t.me/donbassr/31699
876,https://t.me/WarInMyEyes/2109
877,https://t.me/donbassr/31686
878,https://t.me/supernova_plus/15660
879,https://t.me/IA_ASD/11015
880,https://t.me/ok_spn/22200
881,https://t.me/supernova_plus/15621
882,https://t.me/nm_dnr/9591
883,https://t.me/robert_magyar/254
884,https://t.me/dvish_alive/19833
885,https://t.me/razved_dozor/3133
886,https://t.me/svoboda_radio/12891
887,https://t.me/rus_bakhmut/12656
888,https://t.me/milinfolive/94394
889,https://t.me/RVvoenkor/33879
890,https://t.me/supernova_plus/15592
891,https://t.me/sddonbassa/20181
892,https://t.me/rus_bakhmut/12593
893,https://t.me/wargonzo/9746
894,https://t.me/RVvoenkor/33813
895,https://t.me/rabotaem_ydalenno/36
896,https://t.me/warhistoryalconafter/74498
897,https://t.me/robert_magyar/244
898,https://t.me/DKulko/151
899,https://t.me/lost_warinua/23672
900,https://t.me/ilovekramatorsk/6430
901,https://t.me/milinfolive/94294
902,https://t.me/supernova_plus/15530
903,https://t.me/supernova_plus/15528
904,https://t.me/millnr/9860
905,https://t.me/bolshiepushki/2983
906,https://t.me/brussinf/5364
907,https://t.me/voenacher/35405
908,https://t.me/Crimeanwind/17666
909,https://t.me/robert_magyar/241
910,https://t.me/faceofwar/25951
911,https://t.me/Z4LPR/360
912,https://t.me/anna_news/43805
913,https://t.me/supernova_plus/15418
914,https://t.me/BRAVESPIRIT17/910
915,https://t.me/pavlokyrylenko_donoda/5815
916,https://t.me/millnr/9856
917,https://t.me/nm_dnr/9535
918,https://t.me/donbassr/31292
919,https://t.me/Donetsk_Z_chat/503829
920,https://t.me/itsdonetsk/44426
921,https://t.me/lost_warinua/23026
922,https://t.me/vladlentatarsky/17882
923,https://t.me/karkuschaZ/176
924,https://t.me/glazadnr/270
925,https://t.me/voenkorKotenok/43308
926,https://t.me/anna_news/43670
927,https://t.me/rus_bakhmut/12313
928,https://t.me/milinfolive/94008
929,https://t.me/infantmilitario/88764
930,https://t.me/XDonetsk/1028
931,https://t.me/milinfolive/93980
932,https://t.me/supernova_plus/15277
933,https://t.me/NeoficialniyBeZsonoV/20288
934,https://t.me/anna_news/43591
935,https://t.me/milinfolive/93963
936,https://t.me/wargonzo/9575
937,https://t.me/rian_ru/187418
938,https://t.me/donbassrussiazvo/1676
939,https://t.me/boris_rozhin/71813
940,https://t.me/milinfolive/93942
941,https://t.me/rybar/41651
942,https://t.me/rybar/41643
943,https://t.me/pozALABAI/6232
944,https://t.me/RVvoenkor/33069
945,https://t.me/yaremshooter/437
946,https://t.me/yaremshooter/437
947,https://t.me/info_zp/22675
948,https://t.me/millnr/9814
949,https://t.me/lost_warinua/22311
950,https://t.me/LPR_JCCC/7695
951,https://t.me/rus_bakhmut/12109
952,https://t.me/boris_rozhin/71440
953,https://t.me/MAYDNR/50558?single
954,https://t.me/rus_bakhmut/12073
955,https://t.me/ukwarzone/9531
956,https://t.me/lost_warinua/21941
957,https://t.me/DenZkul/1318
958,https://t.me/vorposte/31106
959,https://t.me/supernova_plus/14938
960,https://t.me/supernova_plus/14894
961,https://t.me/rybar/41426
962,https://t.me/stranaua/76713
963,https://t.me/rybar/41413
964,https://t.me/rus_bakhmut/11855
965,https://t.me/DenZkul/1298
966,https://t.me/milinfolive/93627
967,https://t.me/Z4LPR/322
968,https://t.me/c/1733853004/3698
969,https://t.me/tankist4/397
970,https://t.me/supernova_plus/14874
971,https://t.me/voin_dv/548
972,https://t.me/ordinaryczarizm/754
973,https://t.me/rus_bakhmut/11802
974,https://t.me/wargonzo/9372
975,https://t.me/wargonzo/9372
976,https://t.me/DeepStateUA/14714
977,https://t.me/RtrDonetsk/12228
978,https://t.me/Donetsk_Z_chat/472771
979,https://t.me/RKadyrov_95/3132
980,https://t.me/news_1tv/16161
981,https://t.me/razved_dozor/2839
982,https://t.me/rus_bakhmut/11502
983,https://t.me/rybar/41140
984,https://t.me/lost_warinua/20839
985,https://t.me/ChDambiev/20605
986,https://t.me/FilatovCorr/652
987,https://t.me/ZSU_Hunter_2_0/43
988,https://t.me/Tsaplienko/20406
989,https://t.me/milinfolive/93224
990,https://t.me/trueshniy/211
991,https://t.me/obtf_kaskad/572
992,https://t.me/Donbas_Operativniy/15551
993,https://t.me/Donbas_Operativniy/15437
994,https://t.me/gistapapapa/52147
995,https://t.me/voenacher/33122
996,https://t.me/izvestia/111577
997,https://t.me/voenkorKotenok/42651
998,https://t.me/voin_dv/362
999,https://t.me/dnronline/85247
1000,https://t.me/goragiza/2135
1001,https://t.me/RVvoenkor/31579
1002,https://t.me/FastFocus/36832
1003,https://t.me/FastFocus/36834
1004,https://t.me/supernova_plus/14332
1005,https://t.me/supernova_plus/14332
1006,https://t.me/ukr_sof/349
1007,https://t.me/operativnoZSU/55081
1008,https://t.me/supernova_plus/14324
1009,https://t.me/millnr/9705
1010,https://t.me/milinfolive/93136
1011,https://t.me/dva_majors/5338
1012,https://t.me/mysiagin/17321
1013,https://t.me/lost_warinua/20383
1014,https://t.me/rybar/41038
1015,https://t.me/operativnoZSU/54918
1016,https://t.me/supernova_plus/14290
1017,https://t.me/supernova_plus/14287
1018,https://t.me/milinfolive/93106
1019,https://t.me/milinfolive/93104?single
1020,https://t.me/rian_ru/184914
1021,https://t.me/lost_warinua/20312?single
1022,https://t.me/lost_warinua/20316
1023,https://t.me/mysiagin/17231
1024,https://t.me/c/1733853004/3380
1025,https://t.me/anna_news/42493
1026,https://t.me/anna_news/42493
1027,https://t.me/riamelitopol/74665
1028,https://t.me/operativnoZSU/54918
1029,https://t.me/rus_bakhmut/11303
1030,https://t.me/milinfolive/93006
1031,https://t.me/supernova_plus/14149
1032,https://t.me/DKulko/83
1033,https://t.me/rybar/40959
1034,https://t.me/vorposte/30245
1035,https://t.me/Tsaplienko/19836
1036,https://t.me/elpicahielo/3065
1037,https://t.me/obtf_kaskad/489
1038,https://t.me/rian_ru/184537
1039,https://t.me/rus_bakhmut/11246
1040,https://t.me/voenkorKotenok/42403
1041,https://t.me/anna_news/42371
1042,https://t.me/rian_ru/184559
1043,https://t.me/rusich_army/6183
1044,https://t.me/LPR_JCCC/7501
1045,https://t.me/anna_news/42358
1046,https://t.me/boris_rozhin/69461
1047,https://t.me/RtrDonetsk/11717
1048,https://t.me/petrusV82/122
1049,https://t.me/obtf_kaskad/453
1050,https://t.me/rian_ru/184520
1051,https://t.me/kherson_non_fake/4224
1052,https://t.me/Army_Russia/34714
1053,https://t.me/lost_warinua/20038
1054,https://t.me/eto_zp/26542
1055,https://t.me/DeepStateUA/14576
1056,https://t.me/RtrDonetsk/11689
1057,https://t.me/RtrDonetsk/11687
1058,https://t.me/lost_warinua/20011
1059,https://t.me/donbass24donbus/8943
1060,https://t.me/RVvoenkor/31027
1061,https://t.me/izvestia/110555
1062,https://t.me/vorposte/30003
1063,https://t.me/anna_news/42228
1064,https://t.me/ukr_sof/338
1065,https://t.me/lost_warinua/19791
1066,https://t.me/stranaua/73175
1067,https://t.me/LPR_JCCC/7481
1068,https://t.me/RtrDonetsk/11563
1069,https://t.me/RtrDonetsk/11562
1070,https://t.me/romanov_92/30410
1071,https://t.me/voenacher/32398
1072,https://t.me/milinfolive/92739
1073,https://t.me/milinfolive/92732
1074,https://t.me/milinfolive/92731
1075,https://t.me/lost_warinua/19665
1076,https://t.me/zov_ne_brosaem/5258
1077,https://t.me/voenacher/32281
1078,https://t.me/obstanovkalnr/28934
1079,https://t.me/romanov_92/30506
1080,https://t.me/lost_warinua/19606
1081,https://t.me/milinfolive/92708
1082,https://t.me/milinfolive/92702
1083,https://t.me/ilovekramatorsk/5535
1084,https://t.me/xronikabpla/2490
1085,https://t.me/supernova_plus/13850
1086,https://t.me/voenacher/32281
1087,https://t.me/voenacher/32276
1088,https://t.me/russkiy_opolchenec/34788
1089,https://t.me/The_Wrong_Side/5125
1090,https://t.me/Donbas_Operativniy/14021
1091,https://t.me/vysokygovorit/9832
1092,https://t.me/rus_bakhmut/10856
1093,https://t.me/RVvoenkor/30469
1094,https://t.me/Z4LPR/276
1095,https://t.me/lost_warinua/19350
1096,https://t.me/lost_warinua/19346
1097,https://t.me/dvish_alive/18713
1098,https://t.me/XDonetsk/519
1099,https://t.me/milinfolive/92492
1100,https://t.me/razved_dozor/2617
1101,https://t.me/nm_dnr/9287
1102,https://t.me/vorposte/29509
1103,https://t.me/operativnoZSU/50879
1104,https://t.me/luhansktoday/9692
1105,https://t.me/viyna_2014/3900
1106,https://t.me/jurnko/4356
1107,https://t.me/DeepStateUA/14472
1108,https://t.me/romanov_92/30090
1109,https://t.me/anna_news/41603
1110,https://t.me/nm_dnr/9278
1111,https://t.me/faceofwar/24545
1112,https://t.me/endarua/482
1113,https://t.me/DeepStateUA/14472
1114,https://t.me/romanov_92/30090
1115,https://t.me/anna_news/41749
1116,https://t.me/Ukr_G_M/10233
1117,https://t.me/evgeniy_lisitsyn/1476
1118,https://t.me/millnr/9615
1119,https://t.me/milinfolive/92371?single
1120,https://t.me/ASupersharij/12278
1121,https://t.me/yaremshooter/110
1122,https://t.me/RVvoenkor/29915
1123,https://t.me/RVvoenkor/29915
1124,https://t.me/vorposte/29316
1125,https://t.me/zhogaartem/82
1126,https://t.me/rybar/40475
1127,https://t.me/rybar/40405
1128,https://t.me/milinfolive/92228
1129,https://t.me/milinfolive/92225
1130,https://t.me/m0sc0wcalling/13180
1131,https://t.me/RVvoenkor/29728
1132,https://t.me/rus_bakhmut/10292
1133,https://t.me/rus_bakhmut/10298?single
1134,https://t.me/voenacher/31439
1135,https://t.me/RVvoenkor/29687
1136,https://t.me/milinfolive/92185
1137,https://t.me/milinfolive/92188
1138,https://t.me/milinfolive/92182
1139,https://t.me/hroniki_ridika/8717
1140,https://t.me/RVvoenkor/29649
1141,https://t.me/voenacher/31391
1142,https://t.me/lost_warinua/18356
1143,https://t.me/milinfolive/92164
1144,https://t.me/millnr/9596
1145,https://t.me/rus_bakhmut/10218
1146,https://t.me/milinfolive/92119
1147,https://t.me/DenZkul/1159
1148,https://t.me/boris_rozhin/67492
1149,https://t.me/FastFocus/34844
1150,https://t.me/anna_news/41333
1151,https://t.me/rus_bakhmut/10148
1152,https://t.me/operativnoZSU/49125
1153,https://t.me/ukrainian_guide/4641
1154,https://t.me/savelifeua/1010
1155,https://t.me/ukrainian_guide/4676
1156,https://t.me/faceofwar/24247
1157,https://t.me/voenacher/31152
1158,https://t.me/RVvoenkor/29213
1159,https://t.me/rus_bakhmut/10089
1160,https://t.me/rus_bakhmut/10087
1161,https://t.me/genshtab24/6189
1162,https://t.me/rus_bakhmut/10079
1163,https://t.me/Z_BOEV_LIST_Z/7591
1164,https://t.me/rybar/40175
1165,https://t.me/FastFocus/34533
1166,https://t.me/anna_news/41064
1167,https://t.me/mysiagin/15690?single
1168,https://t.me/anna_news/41042
1169,https://t.me/RVvoenkor/28803
1170,https://t.me/diza_donbass/1401
1171,https://t.me/romabroma/480
1172,https://t.me/lost_warinua/17679
1173,https://t.me/ok_spn/21399
1174,https://t.me/DeepStateUA/14367
1175,https://t.me/ilovekramatorsk/5123
1176,https://t.me/vrogov/5526
1177,https://t.me/zvezdanews/95800
1178,https://t.me/romanov_92/28917?single
1179,https://t.me/riafan_everywhere/13646
1180,https://t.me/mysiagin/15502
1181,https://t.me/HersonVestnik/9526
1182,https://t.me/i_see_you_8/80
1183,https://t.me/milinfolive/91669
1184,https://t.me/lost_warinua/17590?single
1185,https://t.me/Pravda_Gerashchenko/46157
1186,https://t.me/rus_bakhmut/9959
1187,https://t.me/voenkorKotenok/41479
1188,https://t.me/FastFocus/34402
1189,https://t.me/voenkorKotenok/41441?single
1190,https://t.me/ASupersharij/11883
1191,https://t.me/milinfolive/91637
1192,https://t.me/suspilnemykolaiv/16580
1193,https://t.me/mysiagin/15431
1194,https://t.me/mysiagin/15364
1195,https://t.me/RVvoenkor/28605
1196,https://t.me/bazabazon/13715
1197,https://t.me/minzdrav_Kherson/447
1198,https://t.me/lost_warinua/17426
1199,https://t.me/pivden_ks/3023
1200,https://t.me/operativnoZSU/47017
1201,https://t.me/mysiagin/15166
1202,https://t.me/i_see_you_8/64
1203,https://t.me/voenkorKotenok/41328
1204,https://t.me/voenacher/30387
1205,https://t.me/riafan_everywhere/13522
1206,https://t.me/lost_warinua/17028
1207,https://t.me/swodki/172976
1208,https://t.me/RVvoenkor/28175
1209,https://t.me/The3rdForceUA/11029
1210,https://t.me/milinfolive/91406
1211,https://t.me/zvezdanews/95033
1212,https://t.me/milinfolive/91402
1213,https://t.me/RVvoenkor/28012
1214,https://t.me/notes_veterans/5425
1215,https://t.me/millnr/9530
1216,https://t.me/faceofwar/23799
1217,https://t.me/Stremousov_Kirill/448
1218,https://t.me/ChDambiev/19835
1219,https://t.me/FastFocus/33536
1220,https://t.me/FastFocus/33533
1221,https://t.me/Stremousov_Kirill/440
1222,https://t.me/borova_gromada/1271
1223,https://t.me/DenZkul/1104
1224,https://t.me/millnr/9530
1225,https://t.me/romanov_92/28239
1226,https://t.me/stranaua/67503
1227,https://t.me/RVvoenkor/27895
1228,https://t.me/borova_gromada/1267
1229,https://t.me/zvezdanews/94533
1230,https://t.me/lost_warinua/16276
1231,https://t.me/operativnoZSU/45585
1232,https://t.me/lost_warinua/16340
1233,https://t.me/ssternenko/9342
1234,https://t.me/mysiagin/14617
1235,https://t.me/rian_ru/180046
1236,https://t.me/rian_ru/180046
1237,https://t.me/mysiagin/14560
1238,https://t.me/mysiagin/14560
1239,https://t.me/FastFocus/33177
1240,https://t.me/epoddubny/12673
1241,https://t.me/IntelRepublic/5793
1242,https://t.me/protest_da/17928
1243,https://t.me/FastFocus/32907
1244,https://t.me/milinfolive/91113
1245,https://t.me/mysiagin/14354
1246,https://t.me/evgeniy_lisitsyn/1249
1247,https://t.me/rybar/39407
1248,https://t.me/milinfolive/91034
1249,https://t.me/millnr/9500
1250,https://t.me/vorposte/27913
1251,https://t.me/supernova_plus/11776
1252,https://t.me/rybar/39390
1253,https://t.me/russkiy_opolchenec/34187
1254,https://t.me/lostarmour/961
1255,https://t.me/zvezdanews/93688
1256,https://t.me/voenacher/29673
1257,https://t.me/ZLOIORK/2712
1258,https://t.me/RVvoenkor/27056
1259,https://t.me/voenkorKotenok/40807
1260,https://t.me/mertviorku/1685
1261,https://t.me/operativnoZSU/43717
1262,https://t.me/hueviyherson/26389
1263,https://t.me/operativnoZSU/43809
1264,https://t.me/ChDambiev/19640
1265,https://t.me/anna_news/40011
1266,https://t.me/RVvoenkor/26730
1267,https://t.me/RVvoenkor/26787
1268,https://t.me/RVvoenkor/26772
1269,https://t.me/NeoficialniyBeZsonoV/17976
1270,https://t.me/c/1733853004/2315
1271,https://t.me/RVvoenkor/26764
1272,https://t.me/bolshiepushki/2455
1273,https://t.me/voenacher/29403
1274,https://t.me/bahmutnews/12812
1275,https://t.me/milinfolive/90827
1276,https://t.me/milinfolive/90812
1277,https://t.me/c/1733853004/2237
1278,https://t.me/ChDambiev/19588
1279,https://t.me/ChDambiev/19588
1280,https://t.me/operativnoZSU/43037
1281,https://t.me/milinfolive/90785
1282,https://t.me/ilovekramatorsk/4557
1283,https://t.me/energoatom_ua/9672
1284,https://t.me/RVvoenkor/26430
1285,https://t.me/anna_news/39730
1286,https://t.me/RVvoenkor/26422
1287,https://t.me/anna_news/39703
1288,https://t.me/RVvoenkor/26412
1289,https://t.me/ilovekramatorsk/4535
1290,https://t.me/rybar/39004
1291,https://t.me/supernova_plus/11183
1292,https://t.me/stranaua/64422
1293,https://t.me/RVvoenkor/26273
1294,https://t.me/stranaua/64430
1295,https://t.me/anna_news/39568
1296,https://t.me/Z4LPR/220
1297,https://t.me/mysiagin/13709
1298,https://t.me/donbassonline24/6748
1299,https://t.me/vladlentatarsky/16153
1300,https://t.me/RVvoenkor/26163
1301,https://t.me/milinfolive/90587
1302,https://t.me/ZOV_SILA_RF/443
1303,https://t.me/RVvoenkor/26110
1304,https://t.me/ilovekramatorsk/4444
1305,https://t.me/vorposte/27324
1306,https://t.me/Novosti_Donbass24/27817
1307,https://t.me/rsotmdivision/1007
1308,https://t.me/ilovekramatorsk/4414
1309,https://t.me/HersonVestnik/8279
1310,https://t.me/Z4LPR/216
1311,https://t.me/bolshiepushki/2360
1312,https://t.me/lost_warinua/14211
1313,https://t.me/milinfolive/90501
1314,https://t.me/RtrDonetsk/9306
1315,https://t.me/rybar/38745
1316,https://t.me/voyna_2022/34872
1317,https://t.me/faceofwar/23010
1318,https://t.me/aerokarlson/235
1319,https://t.me/Stremousov_Kirill/308
1320,https://t.me/ua_dshv/672
1321,https://t.me/Tsaplienko/15477
1322,https://t.me/rybar/38681
1323,https://t.me/RVvoenkor/25812
1324,https://t.me/HersonVestnik/8154
1325,https://t.me/voenacher/28806
1326,https://t.me/rybar/38662
1327,https://t.me/ilovekramatorsk/4338
1328,https://t.me/eto_zp/21616
1329,https://t.me/RVvoenkor/25725
1330,https://t.me/milinfolive/90325
1331,https://t.me/Novosti_Donbass24/27505
1332,https://t.me/NickolayOsychenko/216
1333,https://t.me/vorposte/27075
1334,https://t.me/kharkiv_1654/48152
1335,https://t.me/Pravda_Gerashchenko/41626
1336,https://t.me/mysiagin/13341
1337,https://t.me/ilovekramatorsk/4297
1338,https://t.me/ilovekramatorsk/4294
1339,https://t.me/mysiagin/13344
1340,https://t.me/mysiagin/13333
1341,https://t.me/mysiagin/13331
1342,https://t.me/voyna_2022/34568
1343,https://t.me/mysiagin/13319
1344,https://t.me/mysiagin/13314
1345,https://t.me/gistapapapa/46628
1346,https://t.me/operativnoZSU/41047
1347,https://t.me/Novosti_Donbass24/27302
1348,https://t.me/mysiagin/13168
1349,https://t.me/mysiagin/13171
1350,https://t.me/mysiagin/13168
1351,https://t.me/milinfolive/90244
1352,https://t.me/msgazdiev/1053
1353,https://t.me/rybar/38531
1354,https://t.me/mysiagin/13154
1355,https://t.me/epoddubny/12215
1356,https://t.me/lost_warinua/13160
1357,https://t.me/romanov_92/27192
1358,https://t.me/vorposte/26879?single
1359,https://t.me/ChDambiev/19358
1360,https://t.me/nm_dnr/8962
1361,https://t.me/mysiagin/13044
1362,https://t.me/rybar/38416
1363,https://t.me/ilovekramatorsk/4231
1364,https://t.me/lost_warinua/12910
1365,https://t.me/operativnoZSU/40543
1366,https://t.me/bletgorod/3054
1367,https://t.me/rybar/38421
1368,https://t.me/vorposte/26845
1369,https://t.me/voenkorKotenok/40032
1370,https://t.me/romanov_92/27083
1371,https://t.me/FastFocus/30957
1372,https://t.me/Kharkov_sky/13
1373,https://t.me/grey_zone/14930
1374,https://t.me/kupyansk_ua/118461
1375,https://t.me/topwar_official/56464
1376,https://t.me/mariupolnow/18520
1377,https://t.me/romanov_92/26907
1378,https://t.me/romanov_92/26722
1379,https://t.me/RVvoenkor/25231
1380,https://t.me/Ratnik2nd/4094
1381,https://t.me/riafan_everywhere/12736
1382,https://t.me/chatDeepState/1290347
1383,https://t.me/RVvoenkor/25200
1384,https://t.me/RtrDonetsk/9034
1385,https://t.me/voenkorKotenok/39963
1386,https://t.me/romanov_92/26788
1387,https://t.me/romanov_92/26765
1388,https://t.me/NeoficialniyBeZsonoV/17338
1389,https://t.me/anna_news/38757
1390,https://t.me/NeoficialniyBeZsonoV/17273
1391,https://t.me/razved_dozor/2165
1392,https://t.me/faceofwar/22611
1393,https://t.me/bal_ua/10479
1394,https://t.me/u_now/65533
1395,https://t.me/RVvoenkor/25009
1396,https://t.me/dvish_alive/17103
1397,https://t.me/faceofwar/22617
1398,https://t.me/RVvoenkor/24996
1399,https://t.me/operativnoZSU/39686
1400,https://t.me/chp_sevastopol/6420
1401,https://t.me/nm_dnr/8924
1402,https://t.me/nexta_live/35818
1403,https://t.me/Prikhodko1970/6479
1404,https://t.me/gubernator_46/1490
1405,https://t.me/bochkala_war/8109
1406,https://t.me/voenkorKotenok/39876
1407,https://t.me/rybar/38130
1408,https://t.me/RtrDonetsk/8948
1409,https://t.me/romanov_92/26394
1410,https://t.me/milinfolive/89822
1411,https://t.me/milinfolive/89776
1412,https://t.me/milinfolive/89770
1413,https://t.me/The_Wrong_Side/3502
1414,https://t.me/boris_rozhin/62070
1415,https://t.me/lostarmour/772?single
1416,https://t.me/voenacher/28191
1417,https://t.me/milinfolive/89792
1418,https://t.me/milinfolive/89788
1419,https://t.me/donbassonline24/6107
1420,https://t.me/bletgorod/3003
1421,https://t.me/milinfolive/89756
1422,https://t.me/Info_BA_News/3772
1423,https://t.me/vrogov/4509
1424,https://t.me/voenacher/28116
1425,https://t.me/milinfolive/89661
1426,https://t.me/ukrainian_videos/39250
1427,https://t.me/voenacher/28087
1428,https://t.me/RVvoenkor/24775
1429,https://t.me/izvestia/101955
1430,https://t.me/milinfolive/89672
1431,https://t.me/milinfolive/89670
1432,https://t.me/brd_nash/5084
1433,https://t.me/hueviyherson/24837
1434,https://t.me/romanov_92/25923
1435,https://t.me/ilovekramatorsk/3902
1436,https://t.me/romanov_92/26014
1437,https://t.me/svarschiki/6699
1438,https://t.me/bal_ua/8183
1439,https://t.me/milinfolive/89603
1440,https://t.me/HersonVestnik/7435
1441,https://t.me/faceofwar/22448
1442,https://t.me/milinfolive/89585
1443,https://t.me/vanek_nikolaev/5600
1444,https://t.me/milinfolive/89576
1445,https://t.me/ilovekramatorsk/3851
1446,https://t.me/ilovekramatorsk/3865
1447,https://t.me/chpsevas/3295
1448,https://t.me/millnr/9360
1449,https://t.me/Sladkov_plus/6127
1450,https://t.me/info_zp/14449
1451,https://t.me/info_zp/14362
1452,https://t.me/romanov_92/25856
1453,https://t.me/pravdaslavkram/12735
1454,https://t.me/eto_zp/20540
1455,https://t.me/romanov_92/25397
1456,https://t.me/voenkorKotenok/39619
1457,https://t.me/legitimniy_live/13836
1458,https://t.me/romanov_92/25356
1459,https://t.me/epoddubny/12033
1460,https://t.me/PersonDistinct/129
1461,https://t.me/NeoficialniyBeZsonoV/16897
1462,https://t.me/milinfolive/89347
1463,https://t.me/h_vinnytsia/5718
1464,https://t.me/truexanewsua/57997
1465,https://t.me/milinfolive/89338
1466,https://t.me/milinfolive/89336
1467,https://t.me/romandonik/3310
1468,https://t.me/milinfolive/89301
1469,https://t.me/milinfolive/89282
1470,https://t.me/milinfolive/89277
1471,https://t.me/boris_rozhin/61108
1472,https://t.me/milinfolive/89217
1473,https://t.me/RtrDonetsk/8578
1474,https://t.me/itsdonetsk/27011
1475,https://t.me/mysiagin/11949
1476,https://t.me/notes_veterans/4404
1477,https://t.me/DonbassYasinovatayanaliniiOgnia/30862?single
1478,https://t.me/sorok40russia/32423
1479,https://t.me/romanov_92/24816
1480,https://t.me/romanov_92/24721
1481,https://t.me/milinfolive/88911
1482,https://t.me/The3rdForceUA/8621
1483,https://t.me/ugledar_news/162264
1484,https://t.me/RtrDonetsk/8392
1485,https://t.me/romanov_92/24210
1486,https://t.me/milinfolive/88744
1487,https://t.me/anna_news/37784
1488,https://t.me/rybar/37137
1489,https://t.me/romanov_92/24049
1490,https://t.me/ilovekramatorsk/3431
1491,https://t.me/voenkorKotenok/39239
1492,https://t.me/ilovekramatorsk/3459
1493,https://t.me/RtrDonetsk/8333
1494,https://t.me/donbassonline24/5234
1495,https://t.me/Novosti_Donbass24/23848
1496,https://t.me/sashakots/34876
1497,https://t.me/milinfolive/88505
1498,https://t.me/hueviyherson/23791
1499,https://t.me/romanov_92/23875
1500,https://t.me/donbassonline24/5124
1501,https://t.me/donbassonline24/5168
1502,https://t.me/milinfolive/88437
1503,https://t.me/m0sc0wcalling/9652
1504,https://t.me/milinfolive/88363
1505,https://t.me/hueviyherson/23580
1506,https://t.me/ilovekramatorsk/3348
1507,https://t.me/m0sc0wcalling/9652
1508,https://t.me/ilovekramatorsk/3337
1509,https://t.me/milinfolive/88319
1510,https://t.me/warjournaltg/17231
1511,https://t.me/RVvoenkor/22121
1512,https://t.me/polkovnik_hodarenok/4007
1513,https://t.me/donbassonline24/4982
1514,https://t.me/c/1733853004/1130
1515,https://t.me/warjournaltg/17192
1516,https://t.me/romanov_92/23651
1517,https://t.me/ilovekramatorsk/3217
1518,https://t.me/donbassonline24/4951
1519,https://t.me/anna_news/37433
1520,https://t.me/truexanewsua/56175
1521,https://t.me/ilovekramatorsk/3209
1522,https://t.me/milinfolive/88174
1523,https://t.me/ilovekramatorsk/3121
1524,https://t.me/operativnoZSU/34615
1525,https://t.me/rybar/36428
1526,https://t.me/suspilnemykolaiv/13270
1527,https://t.me/milinfolive/87952
1528,https://t.me/stranaua/55247
1529,https://t.me/milinfolive/87912
1530,https://t.me/romanov_92/23085
1531,https://t.me/romanov_92/23086
1532,https://t.me/milinfolive/87824
1533,https://t.me/dsns_telegram/8603
1534,https://t.me/sashakots/34611
1535,https://t.me/asbmil/3362
1536,https://t.me/ngu_war_for_peace/4520
1537,https://t.me/dsns_telegram/8593
1538,https://t.me/milinfolive/87749
1539,https://t.me/milinfolive/87744
1540,https://t.me/rybar/36156
1541,https://t.me/romanov_92/22704
1542,https://t.me/HersonVestnik/6507
1543,https://t.me/rybar/35989
1544,https://t.me/milinfolive/87545
1545,https://t.me/milinfolive/87541
1546,https://t.me/milinfolive/87536
1547,https://t.me/milinfolive/87485
1548,https://t.me/milinfolive/87477
1549,https://t.me/rus_bakhmut/6195
1550,https://t.me/video_posts/78236
1551,https://t.me/milinfolive/87447
1552,https://t.me/milinfolive/87413
1553,https://t.me/ua_dshv/566
1554,https://t.me/milinfolive/87364
1555,https://t.me/romanov_92/21866
1556,https://t.me/milinfolive/87312
1557,https://t.me/milinfolive/87311
1558,https://t.me/rybar/35824
1559,https://t.me/sashakots/34485
1560,https://t.me/RVvoenkor/19910
1561,https://t.me/milinfolive/87149
1562,https://t.me/milinfolive/87126
1563,https://t.me/rybar/35657
1564,https://t.me/faceofwar/21256
1565,https://t.me/RVvoenkor/19748
1566,https://t.me/milinfolive/87005
1567,https://t.me/ChDambiev/18288
1568,https://t.me/faceofwar/21248
1569,https://t.me/rybar/35532
1570,https://t.me/milinfolive/86954
1571,https://t.me/milinfolive/86954
1572,https://t.me/milinfolive/86928?single
1573,https://t.me/rybar/35457
1574,https://t.me/rybar/35452
1575,https://t.me/sashakots/34318
1576,https://t.me/sashakots/34326
1577,https://t.me/rybar/35393
1578,https://t.me/rybar/35382
1579,https://t.me/rybar/35382
1580,https://t.me/milinfolive/86829
1581,https://t.me/truth_aggregator/61498
1582,https://t.me/rybar/35265
1583,https://t.me/itsdonetsk/21117
1584,https://t.me/itsdonetsk/21114
1585,https://t.me/milinfolive/86708
1586,https://t.me/milchronicles/896
1587,https://t.me/milinfolive/86685
1588,https://t.me/anna_news/36171
1589,https://t.me/rybar/35129
1590,https://t.me/rybar/35148
1591,https://t.me/NeoficialniyBeZsonoV/15459
1592,https://t.me/izvestia/95672
1593,https://t.me/milinfolive/86406
1594,https://t.me/milinfolive/86405
1595,https://t.me/milinfolive/86371
1596,https://t.me/infantmilitario/79113
1597,https://t.me/milinfolive/86365
1598,https://t.me/militaryreview/3718
1599,https://t.me/rybar/34904
1600,https://t.me/infantmilitario/79052
1601,https://t.me/infantmilitario/79050
1602,https://t.me/rsotmdivision/142
1603,https://t.me/riamelitopol/60275
1604,https://t.me/IABelRu/11960?single
1605,https://t.me/opersvodki/6361
1606,https://t.me/voenacher/23881
1607,https://t.me/msgazdiev/970?single
1608,https://t.me/milinfolive/86082
1609,https://t.me/rybar/34772
1610,https://t.me/hueviyherson/21326
1611,https://t.me/suspilnemykolaiv/12075
1612,https://t.me/voenkorKotenok/38028
1613,https://t.me/fighter_bomber/7803
1614,https://t.me/sashakots/34097
1615,https://t.me/milinfolive/86125
1616,https://t.me/milinfolive/86010
1617,https://t.me/milinfolive/85993
1618,https://t.me/suspilnemykolaiv/11976
1619,https://t.me/rian_ru/169211
1620,https://t.me/romanov_92/21089
1621,https://t.me/RVvoenkor/17672
1622,https://t.me/voenkorKotenok/37925
1623,https://t.me/anna_news/35413
1624,https://t.me/NeoficialniyBeZsonoV/15122
1625,https://t.me/RVvoenkor/17569
1626,https://t.me/RtrDonetsk/7129
1627,https://t.me/suspilnenews/12477
1628,https://t.me/milinfolive/85796?single
1629,https://t.me/romanov_92/20785
1630,https://t.me/faceofwar/20767
1631,https://t.me/denzkul/800
1632,https://t.me/faceofwar/20727
1633,https://t.me/milinfolive/85763
1634,https://t.me/anna_news/35223
1635,https://t.me/milinfolive/85761
1636,https://t.me/mertviorku/1425
1637,https://t.me/voenkorKotenok/37828
1638,https://t.me/c/1733853004/396
1639,https://t.me/c/1733853004/394
1640,https://t.me/c/1733853004/393
1641,https://t.me/RVvoenkor/17096
1642,https://t.me/truexanewsua/51476
1643,https://t.me/photographermilitary/421
1644,https://t.me/romanov_92/20375
1645,https://t.me/romanov_92/20332
1646,https://t.me/anna_news/35073
1647,https://t.me/c/1733853004/398
1648,https://t.me/rybar/34269
1649,https://t.me/anna_news/35050
1650,https://t.me/romanov_92/20217
1651,https://t.me/romanov_92/20208
1652,https://t.me/romanov_92/20207
1653,https://t.me/RVvoenkor/16869
1654,https://t.me/rybar/34229
1655,https://t.me/milinfolive/85539?single
1656,https://t.me/luganshina/10996
1657,https://t.me/HersonVestnik/5331
1658,https://t.me/milinfolive/85496
1659,https://t.me/milinfolive/85485
1660,https://t.me/dnronline/69904
1661,https://t.me/ChDambiev/17757
1662,https://t.me/anna_news/34908
1663,https://t.me/milinfolive/85472
1664,https://t.me/milinfolive/85447
1665,https://t.me/black_list_VSU/4529
1666,https://t.me/milinfolive/85392
1667,https://t.me/romanov_92/19772
1668,https://t.me/romanov_92/19767
1669,https://t.me/Ukr_G_M/5437
1670,https://t.me/suspilnekherson/13093
1671,https://t.me/milinfolive/85323
1672,https://t.me/milinfolive/85262
1673,https://t.me/romanov_92/19589
1674,https://t.me/milinfolive/85240
1675,https://t.me/milinfolive/85166
1676,https://t.me/milinfolive/85146
1677,https://t.me/RtrDonetsk/6773
1678,https://t.me/milinfolive/85120
1679,https://t.me/rybar/33914
1680,https://t.me/milinfolive/85092
1681,https://t.me/milinfolive/85052
1682,https://t.me/milinfolive/85046
1683,https://t.me/warjournaltg/15936
1684,https://t.me/truexanewsua/50303
1685,https://t.me/romanov_92/18900
1686,https://t.me/RVvoenkor/15868
1687,https://t.me/milinfolive/84979
1688,https://t.me/shtabzp/1075
1689,https://t.me/milinfolive/84964
1690,https://t.me/romanov_92/18875
1691,https://t.me/truexanewsua/50207
1692,https://t.me/truexanewsua/50179
1693,https://t.me/suspilnemykolaiv/11150
1694,https://t.me/RVvoenkor/15036
1695,https://t.me/RVvoenkor/15599
1696,https://t.me/anna_news/34214
1697,https://t.me/romanov_92/18546
1698,https://t.me/RVvoenkor/15570
1699,https://t.me/vysokygovorit/8338
1700,https://t.me/ssigny/27223
1701,https://t.me/RVvoenkor/15525
1702,https://t.me/romanov_92/18340
1703,https://t.me/milinfolive/84770
1704,https://t.me/milinfolive/84772
1705,https://t.me/milinfolive/84741
1706,https://t.me/milinfolive/84736
1707,https://t.me/romanov_92/18193
1708,https://t.me/VGA_Kherson/2293
1709,https://t.me/milinfolive/84673
1710,https://t.me/truexanewsua/49740
1711,https://t.me/romanov_92/17679
1712,https://t.me/RVvoenkor/14843
1713,https://t.me/HersonVestnik/4820
1714,https://t.me/faceofwar/20097
1715,https://t.me/rybar/33530
1716,https://t.me/milinfolive/84348
1717,https://t.me/RVvoenkor/14450
1718,https://t.me/voynareal/23940
1719,https://t.me/HersonVestnik/4731
1720,https://t.me/RVvoenkor/14368
1721,https://t.me/dvish_alive/14541
1722,https://t.me/NeoficialniyBeZsonoV/13796
1723,https://t.me/milinfolive/84252
1724,https://t.me/romanov_92/16870
1725,https://t.me/RVvoenkor/14073
1726,https://t.me/RVvoenkor/14072
1727,https://t.me/truexanewsua/48715
1728,https://t.me/mig41/17999
1729,https://t.me/btr80/1522
1730,https://t.me/mod_russia/16227
1731,https://t.me/truexanewsua/48446
1732,https://t.me/NeoficialniyBeZsonoV/13665
1733,https://t.me/milinfolive/84096
1734,https://t.me/RVvoenkor/13783
1735,https://t.me/RVvoenkor/13860
1736,https://t.me/Pravda_Gerashchenko/21374
1737,https://t.me/milinfolive/84074
1738,https://t.me/sashakots/33096
1739,https://t.me/truexanewsua/48440
1740,https://t.me/evgeniy_lisitsyn/646
1741,https://t.me/dvish_alive/14291
1742,https://t.me/milinfolive/83980
1743,https://t.me/milinfolive/84035
1744,https://t.me/RVvoenkor/13589
1745,https://t.me/milinfolive/84018
1746,https://t.me/dvish_alive/14284
1747,https://t.me/infantmilitario/76467
1748,https://t.me/RVvoenkor/13523
1749,https://t.me/btr80/1497
1750,https://t.me/rusvesnasu/19120
1751,https://t.me/anna_news/32804
1752,https://t.me/itsdonetsk/15046
1753,https://t.me/TrenerDiaries/1501
1754,https://t.me/sashakots/32992
1755,https://t.me/RVvoenkor/13290
1756,https://t.me/RVvoenkor/13283
1757,https://t.me/anna_news/32779
1758,https://t.me/razved_dozor/1366
1759,https://t.me/razved_dozor/1367
1760,https://t.me/RVvoenkor/13029
1761,https://t.me/romanov_92/15880
1762,https://t.me/vorposte/21720
1763,https://t.me/RVvoenkor/13001
1764,https://t.me/RVvoenkor/12945
1765,https://t.me/romanov_92/15659
1766,https://t.me/rybar/32965
1767,https://t.me/rybar/32964
1768,https://t.me/romanov_92/15638
1769,https://t.me/milinfolive/83664
1770,https://t.me/Ugolok_Sitha/6403?single
1771,https://t.me/milinfolive/83571
1772,https://t.me/rybar/32839
1773,https://t.me/voenkorKotenok/36437
1774,https://t.me/rybar/32826
1775,https://t.me/anna_news/32155
1776,https://t.me/milinfolive/83380
1777,https://t.me/romanov_92/14927
1778,https://t.me/milinfolive/83335
1779,https://t.me/romanov_92/14941
1780,https://t.me/wargonzo/6956
1781,https://t.me/romanov_92/14634
1782,https://t.me/romanov_92/14628
1783,https://t.me/dillfrash/2561
1784,https://t.me/romanov_92/14594
1785,https://t.me/romanov_92/14582
1786,https://t.me/milinfolive/83207
1787,https://t.me/anna_news/31871
1788,https://t.me/RVvoenkor/11977
1789,https://t.me/milinfolive/83198
1790,https://t.me/milinfolive/83190
1791,https://t.me/warcaptures/2304
1792,https://t.me/boris_rozhin/48090
1793,https://t.me/rsotmdivision/55
1794,https://t.me/voenkorKotenok/36153?single
1795,https://t.me/milinfolive/83078
1796,https://t.me/ru2ch_news/44030
1797,https://t.me/milinfolive/83024
1798,https://t.me/milinfolive/83054
1799,https://t.me/u_now/47962
1800,https://t.me/voenkorKotenok/36066
1801,https://t.me/milinfolive/82976?single
1802,https://t.me/milinfolive/82968
1803,https://t.me/anna_news/31493
1804,https://t.me/milinfolive/82960
1805,https://t.me/milinfolive/82932
1806,https://t.me/luhanskaVTSA/2404
1807,https://t.me/dvish_alive/13498
1808,https://t.me/milinfolive/82876
1809,https://t.me/bmpd_cast/11655
1810,https://t.me/milinfolive/82842
1811,https://t.me/AFUStratCom/1316
1812,https://t.me/milinfolive/82807
1813,https://t.me/RVvoenkor/11038
1814,https://t.me/voenkorKotenok/35868
1815,https://t.me/anna_news/31003
1816,https://t.me/anna_news/31001
1817,https://t.me/sashakots/32252
1818,https://t.me/milinfolive/82703
1819,https://t.me/ukrainian_guide/1326?single
1820,https://t.me/milinfolive/82688
1821,https://t.me/voenkorKotenok/35771
1822,https://t.me/voenkorKotenok/36066
1823,https://t.me/milinfolive/82976?single
1824,https://t.me/milinfolive/82968
1825,https://t.me/anna_news/31493
1826,https://t.me/milinfolive/82960
1827,https://t.me/milinfolive/82932
1828,https://t.me/luhanskaVTSA/2404
1829,https://t.me/dvish_alive/13498
1830,https://t.me/milinfolive/82876
1831,https://t.me/bmpd_cast/11655
1832,https://t.me/milinfolive/82842
1833,https://t.me/AFUStratCom/1316
1834,https://t.me/milinfolive/82807
1835,https://t.me/RVvoenkor/11038
1836,https://t.me/voenkorKotenok/35868
1837,https://t.me/anna_news/31003
1838,https://t.me/anna_news/31001
1839,https://t.me/sashakots/32252
1840,https://t.me/milinfolive/82703
1841,https://t.me/ukrainian_guide/1326?single
1842,https://t.me/milinfolive/82688
1843,https://t.me/voenkorKotenok/35771
1844,https://t.me/WorldConflict/23569
1845,https://t.me/milinfolive/82530
1846,https://t.me/milinfolive/82495
1847,https://t.me/anna_news/30643
1848,https://t.me/anna_news/30629
1849,https://t.me/milinfolive/82453
1850,https://t.me/ressentiment_channel/22518
1851,https://t.me/RKadyrov_95/2008
1852,https://t.me/milinfolive/82420
1853,https://t.me/milinfolive/82418
1854,https://t.me/infantmilitario/74853
1855,https://t.me/intelslava/27351
1856,https://t.me/infantmilitario/74818
1857,https://t.me/faceofwar/19009
1858,https://t.me/vysokygovorit/7690
1859,https://t.me/voenkorKotenok/35503
1860,https://t.me/rybar/31844
1861,https://t.me/faceofwar/18989
1862,https://t.me/milinfolive/82170
1863,https://t.me/millnr/8231
1864,https://t.me/npo_dvina/6093
1865,https://t.me/vorposte/19916
1866,https://t.me/milinfolive/81882
1867,https://t.me/milinfolive/81879
1868,https://t.me/ChDambiev/15894
1869,https://t.me/voenkorKotenok/35163
1870,https://t.me/anna_news/29328
1871,https://t.me/milinfolive/81670
1872,https://t.me/zvezdanews/77210
1873,https://t.me/milinfolive/81545
1874,https://t.me/milinfolive/81510
1875,https://t.me/truexanewsua/41629
1876,https://t.me/mapsukraine/294
1877,https://t.me/truexanewsua/41660
1878,https://t.me/mapsukraine/253
1879,https://t.me/swodki/70646
1880,https://t.me/milinfolive/81182
1881,https://t.me/milinfolive/81161?single
1882,https://t.me/Sladkov_plus/5241
1883,https://t.me/ukr_sof/58
1884,https://t.me/milinfolive/81014
1885,https://t.me/bolshiepushki/910
1886,https://t.me/truexanewsua/40769
1887,https://t.me/zvezdanews/76391
1888,https://t.me/msgazdiev/871
1889,https://t.me/milinfolive/80899
1890,https://t.me/milinfolive/80840
1891,https://t.me/faceofwar/18322
1892,https://t.me/milinfolive/80789
1893,https://t.me/uniannet/45177
1894,https://t.me/milinfolive/80575
1895,https://t.me/milinfolive/80504
1896,https://t.me/milinfolive/80509
1897,https://t.me/WorldConflict/21579
1898,https://t.me/WorldConflict/21572
1899,https://t.me/WorldConflict/21571
1900,https://t.me/milinfolive/80317
1901,https://t.me/faceofwar/18085
1902,https://t.me/Ugolok_Sitha/5297
1903,https://t.me/milinfolive/80266
1904,https://t.me/milinfolive/80242
1905,https://t.me/milchronicles/107
1906,https://t.me/ChDambiev/14662
1907,https://t.me/milinfolive/80094
1908,https://t.me/milinfolive/80073
1909,https://t.me/milinfolive/80052
1910,https://t.me/Ugolok_Sitha/5136
1911,https://t.me/milinfolive/79999
1912,https://t.me/Novostidnua/16780
1913,https://t.me/milinfolive/79954
1914,https://t.me/milinfolive/79925
1915,https://t.me/Ugolok_Sitha/5102
1916,https://t.me/mykolaivskaODA/893
1917,https://t.me/milinfolive/79825
1918,https://t.me/milinfolive/79751
1919,https://t.me/milinfolive/79718
1920,https://t.me/kharkivlife/32092
1921,https://t.me/milinfolive/79726
1922,https://t.me/Segodnya_life/50029
1923,https://t.me/NazarPrykhodkoPlus/11429
1924,https://t.me/intelslava/23473
1925,https://t.me/milinfolive/79548
1926,https://t.me/milinfolive/79532
1927,https://t.me/kharkivlife/31538
1928,https://t.me/milinfolive/79441
1929,https://t.me/bashtanka_now/2466
1930,https://t.me/milinfolive/79418
1931,https://t.me/milinfolive/79412
1932,https://t.me/milinfolive/79401
1933,https://t.me/makariv_media/1068
1934,https://t.me/milinfolive/79315
1935,https://t.me/makariv_live/3097
1936,https://t.me/makariv_live/3096
1937,https://t.me/milinfolive/79261
1938,https://t.me/milinfolive/79263
1939,https://t.me/c/1533520339/592
1940,https://t.me/milinfolive/79147
1941,https://t.me/milinfolive/79041
1942,https://t.me/milinfolive/79019
1943,https://t.me/milinfolive/79012
1944,https://t.me/milinfolive/78986
1945,https://t.me/milinfolive/78976
1946,https://t.me/milinfolive/78927
1947,https://t.me/WorldConflict/19519
1948,https://t.me/milinfolive/78787
1949,https://t.me/milinfolive/78852
1950,https://t.me/milinfolive/78854
1951,https://t.me/voenacher/12205
1952,https://t.me/milinfolive/78739
1953,https://t.me/milinfolive/78738
1954,https://t.me/milinfolive/78672
1955,https://t.me/milinfolive/78680
1956,https://t.me/milinfolive/78753
1957,https://t.me/stranaua/30781
1958,https://t.me/dvish_alive/9936
1959,https://t.me/WorldConflict/19000
1960,https://t.me/milinfolive/78558
1961,https://t.me/WorldConflict/18863
1962,https://t.me/WorldConflict/18874
1963,https://t.me/milinfolive/78447?single
1964,https://t.me/WorldConflict/18923?single
1965,https://t.me/WorldConflict/18858
1966,https://t.me/milinfolive/78482
1967,https://t.me/WorldConflict/18692
1968,https://t.me/stranaua/29729
1969,https://t.me/milinfolive/78151
1970,https://t.me/milinfolive/78137
1971,https://t.me/novostiniko1/9419
